floor,floors_count,rooms_count,total_meters,price,district,street,house_number,underground,flat_id
9,9,1,36.0,11190000,Бибирево, Корнейчука,36Б,Бибирево,315213859
8,17,1,39.6,11200000,Некрасовка,Покровская ,17к3,Некрасовка,316604052
9,14,1,36.9,12600000,Ломоносовский, Вавилова,75,Профсоюзная,316393288
10,22,1,37.0,12000000,Отрадное,Высоковольтный проезд,1к3,Отрадное,314944008
5,9,1,36.0,15000000,Аэропорт, Усиевича,25К1,Сокол,316717155
3,17,1,37.7,12500000,Бескудниковский,Дмитровское шоссе,74К1,Верхние Лихоборы,311871795
14,16,1,37.9,12500000,Отрадное,Юрловский проезд,14к3,Бибирево,316738895
18,22,1,35.9,13310284,Ярославский, Красная Сосна,3,Свиблово,317518271
10,23,1,43.7,13950000,Богородское,3-я Гражданская ,21,Бульвар Рокоссовского,317497525
12,17,1,36.6,14500000,Крылатское,Крылатская ,29К2,Крылатское,317217102
11,12,1,35.0,8200000,Вешняки,Вешняковская ,11К1,Новогиреево,314430900
10,15,1,43.6,16990000,Богородское,Погонный проезд,3ак7,Белокаменная,316884858
11,16,1,35.7,17300000,Беговой,Скаковая ,34К4,Белорусская,315932490
12,16,1,36.1,11700000,Северное Тушино, Героев Панфиловцев,7К1,Планерная,316287047
6,12,1,31.6,12000000,Левобережный,Прибрежный проезд,7,Ховрино,316268133
4,12,1,32.4,12000000,Северное Тушино, Героев Панфиловцев,22К1,Планерная,317110643
5,14,1,35.5,15150000,Академический, Винокурова,13к1,Крымская,316355575
5,9,1,32.0,12600000,Таганский,Волгоградский проспект,15,Волгоградский проспект,316830268
10,33,1,32.0,12150000,Метрогородок,Тагильская ,3к2,Черкизовская,316469642
14,20,1,36.0,17950000,Головинский,Михалковская ,48к2,Коптево,316566188
24,25,1,39.9,15400000,Орехово-Борисово Южное, Генерала Белова,28к1,Домодедовская,315746214
1,14,1,34.0,12650000,Кунцево, Академика Павлова,27К1,Крылатское,310411849
14,24,1,34.4,19000000,Хорошево-Мневники,Шелепихинская набережная,40к1,Шелепиха,317292090
10,19,1,47.0,13000000,Крюково,проспект Георгиевский,33к6,Зеленоград — Крюково,306926249
1,5,1,38.0,18500000,Замоскворечье,1-й Щипковский переулок,11/13,Серпуховская,316717627
13,27,1,36.0,17500000,Хорошевский, Зорге,9к2,Полежаевская,316171173
3,15,1,42.0,17000000,Можайский,Сколковское шоссе,40к3,Сетунь,316610836
19,25,1,42.3,13200000,Ново-Переделкино,Лукинская ,10,Переделкино,317023344
1,13,1,68.4,30000000,Басманный, Казакова,7,Курская,315825315
13,15,1,52.0,23900000,Останкинский,проспект Мира,95,Алексеевская,317483344
2,9,1,32.0,13840000,Свиблово, Седова,8К2,Свиблово,314222435
2,22,1,37.0,14200000,Лосиноостровский, Коминтерна,15,Бабушкинская,316005173
22,25,1,32.0,17500000,Бутырский, Добролюбова,8к3,Бутырская,314215966
8,9,1,31.0,12800000,Ломоносовский, Гарибальди,13К1,Новые Черёмушки,316188638
10,16,1,37.0,15799999,Ростокино,Сельскохозяйственная ,14к1,Улица Сергея Эйзенштейна,317108602
15,16,1,31.8,9500000,Некрасовка, Маршала Еременко,5к1,Некрасовка,315957058
7,12,1,35.0,15000000,Тверской, Бутырский Вал,34,Белорусская,317390384
3,5,1,38.7,10000000,Покровское-Стрешнево, Свободы,12/8,Тушинская,316387234
6,14,1,45.3,13500000,Ново-Переделкино,Новопеределкинская ,12,Боровское шоссе,316395487
11,16,1,36.0,8000000,Некрасовка,2-я Вольская ,26,Люберцы,316991254
2,5,1,30.7,10350000,Перово, Плющева,16,Перово,316729955
12,12,1,35.6,10600000,Северное Тушино,Планерная ,20к1,Планерная,311780434
5,9,1,34.9,10500000,Богородское,Миллионная ,13К1,Белокаменная,313084247
3,9,1,32.6,8700000,Ясенево,проезд Карамзина,1К3,Новоясеневская,314796926
22,24,1,42.0,15500000,Лианозово,Абрамцевская ,11К3,Алтуфьево,317504761
23,36,2,57.0,34000000,Хорошево-Мневники,Шелепихинская набережная,34к3,Шелепиха,313841030
10,13,2,73.5,65000000,Раменки,Воробьевское шоссе,4,Поклонная,314846860
4,13,2,68.9,95000000,Раменки,Воробьевское шоссе,4,Поклонная,308413458
10,19,2,74.2,42330000,Даниловский,Г мкр,3,Крестьянская застава,317134118
10,20,2,62.65,32000000,Даниловский, Мустая Карима,12,Технопарк,317174557
11,17,2,57.4,15700000,Можайский,Витебская ,5,Рабочий посёлок,317079893
8,14,2,53.0,16950000,Люблино,Краснодарская ,10А,Депо,315236960
2,4,2,73.0,60000000,Тверской,1-й Колобовский переулок,16С1,Трубная,316775549
2,9,2,57.14,93000000,Таганский,Большой Николоворобинский переулок,9к12,Чкаловская,313833367
9,9,2,44.3,10500000,Лосиноостровский,Минусинская ,4,Бабушкинская,316423157
4,5,2,43.1,11200000,Измайлово,Измайловский проезд,6К2,Измайловская,315138788
18,28,2,53.0,26000000,Измайлово,Первомайская ,42к3,Измайловская,312604097
1,12,2,38.2,10700000,Черемушки, Каховка,22К5,Зюзино,304516413
8,13,2,83.4,57900000,Раменки,Винницкая ,8к2,Раменки,314844691
3,6,2,137.0,199990000,Замоскворечье,Садовническая набережная,7,Новокузнецкая,309819745
10,12,2,79.0,69000000,Тверской,2-я Брестская ,6,Маяковская,316015307
11,13,2,50.0,32700000,Таганский,Верхняя Сыромятническая ,2,Чкаловская,317323132
8,10,2,49.0,46999000,Тверской,Большой Гнездниковский переулок,10,Пушкинская,315335442
9,9,2,53.1,49900000,Тверской,Тверская ,8К2,Пушкинская,315335437
11,12,2,50.6,10599999,Капотня,4-й кв-л,6,Люблино,305510471
9,9,2,39.0,14490000,Зюзино,Перекопская ,10К1,Зюзино,316413600
1,3,2,85.2,115000000,Хорошево-Мневники,Таманская ,1,Народное Ополчение,311097615
5,12,2,45.1,24500000,Замоскворечье,3-й Монетчиковский переулок,17,Павелецкая,317165066
9,12,2,38.0,13850000,Войковский,3-я Радиаторская ,5к1,Стрешнево,317137381
4,5,2,44.0,12600000,Восточное Измайлово,Сиреневый бульвар,42/22К3,Щёлковская,317063972
17,34,2,102.9,109000000,Дорогомилово,Поклонная ,9,Поклонная,315258508
3,8,2,54.4,23000000,Гагаринский,Ленинский проспект,45,Ленинский проспект,317496508
2,17,2,100.0,79900000,Раменки,Ломоносовский проспект,25к2,Университет,316196150
5,7,2,53.0,81090000,Якиманка, Большая Полянка,44/2,Полянка,316572259
1,5,2,43.0,10950000,Измайлово,Измайловский проезд,6К2,Измайловская,314588171
6,9,2,44.1,14950000,Головинский,Фестивальная ,44,Грачёвская,314793832
22,22,2,40.0,13900000,Текстильщики,1-й Грайвороновский проезд,1,Текстильщики,316626936
14,41,2,48.0,30990000,Раменки,1-й Сетуньский проезд,8,Кутузовская,317398421
14,15,2,59.2,38500000,Нагатинский затон, Корабельная,15,Нагатинский Затон,312761872
2,12,2,48.0,13000000,Царицыно,Кавказский бульвар,21К2,Кантемировская,316429199
3,6,2,49.5,52500000,Хамовники,Зубовская ,7,Парк Культуры,316936068
1,22,2,39.0,16500000,Тропарево-Никулино,Ленинский проспект,158,Юго-Западная,312483652
17,19,2,65.0,46000000,Хорошево-Мневники,Шелепихинская набережная,42к1,Мнёвники,316944758
11,14,2,71.0,39800000,Лефортово,шоссе Энтузиастов,3к2,Москва-Товарная,312178852
10,46,2,58.5,41800000,Даниловский,Дубининская ,59А,Серпуховская,317184838
9,13,2,73.8,42800000,Раменки,Винницкая ,8к1,Раменки,312895070
11,33,2,85.4,44000000,Щукино,Авиационная ,77к2,Щукинская,312780568
7,22,2,66.3,47900000,Якиманка,Мытная ,40к2,Серпуховская,316943977
7,22,2,100.0,54000000,Пресненский,Шмитовский проезд,16С1,Улица 1905 года,316201105
31,35,2,72.0,55000000,Хорошево-Мневники,Шелепихинская набережная,34к3зд6,Шелепиха,317209397
8,14,2,76.0,59900000,Даниловский, Архитектора Щусева,2к1,ЗИЛ,315928096
3,9,2,61.4,60000000,Басманный,Потаповский переулок,10,Чистые пруды,297766719
4,21,2,65.0,68000000,Пресненский,Мантулинская ,9к6,Москва-Сити,303546242
19,21,2,79.4,68400000,Басманный,площадь Курского Вокзала,1,Чкаловская,316201215
3,6,2,60.9,84900000,Тверской,1-я Тверская-Ямская ,2А,Маяковская,316484220
4,20,2,77.0,92400000,Пресненский,Дружинниковская ,15,Краснопресненская,314896853
4,6,2,75.1,93000000,Хамовники,Зубовская ,7,Парк Культуры,316716985
16,22,2,53.0,16900000,Очаково-Матвеевское,Аминьевское шоссе,6,Давыдково,310730890
5,8,2,57.1,31000000,Ломоносовский,Ленинский проспект,78,Новаторская,314794183
10,12,2,57.0,31900000,Басманный,Бакунинская ,5,Бауманская,316123376
2,6,2,64.5,43500000,Арбат,Карманицкий переулок,2/5,Смоленская,317053323
45,68,2,73.2,60000000,Пресненский,1-й Красногвардейский проезд,22с1,Москва-Сити,293050405
11,13,2,60.0,65000000,Пресненский,Большая Садовая ,5к1,Маяковская,312764209
8,13,2,125.0,105000000,Пресненский,Большая Садовая ,5к1,Маяковская,316679542
11,12,2,39.5,16490000,Котловка, Винокурова,17К1,Крымская,317044444
8,13,2,40.74,26000000,Даниловский,Автозаводская ,23с931к3,Технопарк,303477912
15,22,2,56.0,27900000,Раменки, Столетова,15,Раменки,310765033
6,13,3,130.0,214500000,Пресненский,2-я Черногрязская ,6к2,Улица 1905 года,309179147
10,11,3,60.0,60000000,Якиманка, Серафимовича,2,Боровицкая,309775039
4,37,3,82.2,85000000,Хорошевский,Ленинградский проспект,37/5,Аэропорт,316900208
2,2,3,157.8,220920000,Хамовники, Пречистенка,33/19С2,Парк Культуры,309347478
26,39,3,122.0,109900000,Раменки,Минская ,2,Минская,316086488
10,34,3,84.0,76000000,Дорогомилово,Поклонная ,9,Поклонная,316740849
14,34,3,100.9,110990000,Дорогомилово,Поклонная ,9,Поклонная,317137297
9,9,3,80.0,40000000,Фили-Давыдково, Ивана Франко,6,Кунцевская,316412702
7,24,3,66.0,54500000,Беговой,Верхняя ,20к1,Белорусская,307460209
8,42,3,130.0,90000000,Раменки,Мосфильмовская ,70к5,Ломоносовский проспект,313643920
19,34,3,84.5,105625000,Дорогомилово,Поклонная ,9,Поклонная,315335847
10,34,3,102.6,120000000,Дорогомилово,Поклонная ,9,Поклонная,316681242
13,32,3,86.7,95000000,Дорогомилово,Поклонная ,9,Поклонная,316368875
25,75,3,187.9,125000000,Пресненский,набережная Пресненская,8с1,Деловой центр,301266879
39,47,3,144.4,65000000,Раменки,Мосфильмовская ,70к2,Ломоносовский проспект,311255086
1,9,3,53.0,12200000,Новогиреево,Союзный проспект,10,Новогиреево,316258419
2,4,3,140.0,167463294,Мещанский,Рождественский бульвар,10/7С1,Трубная,315798564
15,16,3,124.7,205000000,Раменки,Воробьевское шоссе,4,Поклонная,314592214
6,16,3,124.7,199000000,Раменки,Воробьевское шоссе,4,Поклонная,316584977
6,9,3,58.0,11700000,Солнцево, 50 лет Октября,5,Говорово,316419923
18,48,3,124.0,49990000,Хорошево-Мневники,проспект Маршала Жукова,78,Серебряный Бор,311352185
16,41,3,91.0,108000000,Хорошевский,Ленинградский проспект,37/5,Аэропорт,314889861
2,16,3,99.0,148800000,Раменки,Воробьевское шоссе,4,Поклонная,310507662
10,14,3,75.0,45500000,Раменки,проспект Генерала Дорохова,39к2Г,Минская,314491759
5,9,3,96.3,79000000,Тверской,Тверская ,15,Тверская,315150423
21,32,3,136.1,110000000,Раменки,Мосфильмовская ,8,Ломоносовский проспект,315456914
6,16,3,124.7,199500000,Раменки,Воробьевское шоссе,4,Поклонная,316086491
12,23,3,82.0,30000000,Коньково, Островитянова,53,Беляево,316440107
2,22,3,73.4,19900000,Орехово-Борисово Северное,Борисовский проезд,1К2,Домодедовская,316986280
7,17,3,108.8,54000000,Раменки,Мичуринский проспект,11К4,Раменки,312794034
9,9,3,70.0,40000000,Фили-Давыдково, Ивана Франко,6,Кунцевская,314795707
2,18,3,99.2,57975500,Хамовники,Комсомольский проспект,32,Фрунзенская,314198799
4,8,3,134.0,170000000,Красносельский,Милютинский переулок,3,Лубянка,316826365
11,14,3,69.0,41488700,Раменки,проспект Генерала Дорохова,39к1В,Поклонная,313077646
20,20,3,69.0,51000000,Раменки, Василия Ланового,3,Аминьевская,311370408
66,79,3,113.0,120000000,Пресненский,1-й Красногвардейский проезд,22с2,Москва-Сити,316487121
9,14,3,67.0,57000000,Раменки,проспект Генерала Дорохова,39к1Б,Поклонная,316941185
10,16,3,159.4,157000000,Арбат,1-й Смоленский переулок,17,Смоленская,314433652
37,41,3,82.3,82500000,Хорошевский,Ленинградский проспект,37/6,Аэропорт,305070032
5,14,3,73.0,61988700,Раменки,проспект Генерала Дорохова,39к1Д,Минская,314240087
3,14,3,105.2,210000000,Хамовники, Усачева,15А,Спортивная,312676566
28,41,3,88.6,77000000,Хорошевский,Ленинградский проспект,37/7,Аэропорт,314287577
13,34,3,88.0,90000000,Дорогомилово,Поклонная ,9,Поклонная,313926205
12,12,3,148.7,208180000,Тверской,2-я Брестская ,6,Маяковская,309039247
6,11,3,115.0,230000000,Хамовники, Усачева,15А,Спортивная,312676561
13,23,3,124.0,47400000,Савеловский,2-я Квесисская ,20к1,Савёловская,309347483
5,6,3,106.4,105000000,Хамовники,Комсомольский проспект,9А,Парк Культуры,305726543
9,17,3,72.0,16800000,Орехово-Борисово Северное,Шипиловский проезд,39К2,Орехово,317042042
4,5,3,75.1,29300000,Хорошевский,Хорошевское шоссе,34,Беговая,315690262
12,12,3,109.9,153860000,Тверской,2-я Брестская ,6,Маяковская,315159153
4,15,3,87.0,185000000,Хамовники,Олсуфьевский переулок,9к2,Фрунзенская,311970488
4,6,3,93.1,250000000,Замоскворечье,Садовническая набережная,7,Новокузнецкая,316160021
9,19,3,146.0,87900000,Даниловский, Эдуарда Стрельцова,2к2,Крестьянская застава,317145425
30,65,3,120.0,139990000,Пресненский,1-й Красногвардейский проезд,22с1,Москва-Сити,315035572
20,20,3,137.0,143000000,Пресненский,Мантулинская ,9к6,Москва-Сити,316033726
3,7,3,110.0,176000000,Замоскворечье,Садовническая ,57С2,Новокузнецкая,317366956
5,7,3,160.0,183000000,Якиманка, Большая Полянка,44,Полянка,294031984
12,12,3,81.2,59900000,Сокол, Врубеля,4к1,Сокол,303902409
6,7,3,82.0,32000000,Даниловский,2-й Автозаводский проезд,5,Автозаводская,316201119
3,24,3,104.0,38399000,Хорошево-Мневники, Народного Ополчения,11,Народное Ополчение,309888239
36,37,3,109.0,45000000,Ростокино,проспект Мира,188Бк4,Ростокино,309673332
28,39,3,71.0,46500000,Раменки, Лобачевского,120к1,Аминьевская,303447463
21,36,3,86.5,48900000,Хорошево-Мневники,Шелепихинская набережная,34к1зд5,Шелепиха,312975296
12,12,3,81.2,59900000,Сокол, Врубеля,4к1,Сокол,298466120
14,28,1,38.0,20000000,Можайский,переулок 2-й Петра Алексеева,5,Рабочий посёлок,315353756
5,9,1,33.0,10150000,Северное Тушино,Туристская ,20К2,Планерная,307498870
6,20,1,36.2,23800000,Даниловский,проспект Лихачева,12к2,Технопарк,316106135
3,9,1,32.7,10200000,Чертаново Южное, Подольских Курсантов,18К1,Пражская,316125122
8,9,1,32.6,8000000,Ивановское, Сталеваров,8/22К1,Новогиреево,317159764
15,58,1,47.0,25500000,Ростокино, Сергея Эйзенштейна,8С9,Ботанический сад,314580697
35,35,1,42.0,23000000,Пресненский,Шмитовский проезд,39к8,Москва-Сити,312717273
17,18,1,38.4,12150000,Богородское,3-я Богатырская ,3,Белокаменная,317005420
6,12,1,41.1,25000000,Даниловский, Мустая Карима,12,Технопарк,317293154
6,6,1,24.9,5949999,Восточное Измайлово,Первомайская ,126,Первомайская,313037533
3,9,1,36.0,10200000,Гольяново,Щелковское шоссе,79К1,Щёлковская,316664953
2,23,1,42.9,16699000,Хорошево-Мневники,набережная Новикова-Прибоя,6Б,Народное Ополчение,317110008
5,5,1,52.8,16500000,Кунцево, Екатерины Будановой,12,Кунцевская,314951462
5,9,1,29.4,11550000,Филевский парк,Сеславинская ,32,Филёвский парк,314205722
8,9,1,34.8,8800000,Новогиреево,Полимерная ,5,Кусково,315139283
16,17,1,37.9,10999999,Чертаново Южное, Газопровод,15,Красный Строитель,315677385
4,12,1,35.0,13499000,Хорошевский,Чапаевский переулок,5К1,Аэропорт,317059684
8,12,1,47.0,11900000,Нагатино-Садовники,Коломенский проезд,14К2,Каширская,311745506
1,16,1,34.4,9790000,Северное Медведково, Грекова,3К3,Медведково,308047240
18,21,1,37.0,21900000,Хорошевский,9Ак7,9Ак7,Полежаевская,316315483
15,29,1,40.9,24250000,Хорошево-Мневники,Шелепихинская набережная,40к3,Шелепиха,316499611
5,5,1,32.4,15900000,Южнопортовый,Шарикоподшипниковская ,7К2,Дубровка,316999262
19,40,1,43.0,22700000,Хорошево-Мневники,Шелепихинская набережная,34к5,Шелепиха,298357160
6,22,1,40.3,20550000,Лефортово, Крузенштерна,2,Площадь Ильича,314200333
2,29,1,42.2,22900000,Лефортово, Крузенштерна,10к1,Авиамоторная,315608409
17,28,1,33.5,16000000,Лефортово, Крузенштерна,10к1,Авиамоторная,314543317
1,5,1,37.0,17900000,Пресненский,Стрельбищенский переулок,11,Москва-Сити,315912938
3,9,1,64.1,82000000,Тверской,1-я Тверская-Ямская ,2А,Маяковская,316418510
8,24,1,48.9,17900000,Чертаново Центральное,Чертановская ,43к3,Пражская,316292950
22,32,1,30.1,23990000,Пресненский,Шмитовский проезд,39к8,Москва-Сити,316707751
8,32,1,32.5,17500000,Бутырский, Добролюбова,8к3,Бутырская,314502912
9,43,1,43.5,27650000,Хорошево-Мневники,Шелепихинская набережная,40к1,Шелепиха,316207341
5,23,1,45.2,33500000,Хорошево-Мневники, Нижние Мневники,16к1,Терехово ,317260021
7,58,1,38.0,22700000,Хорошево-Мневники, Народного Ополчения,15К2,Народное Ополчение,315913170
4,10,1,27.73,41490000,Якиманка,Ленинский проспект,2,Октябрьская,312871372
5,6,1,29.0,37000000,Хамовники,Зубовская ,7,Парк Культуры,315443321
5,10,1,40.4,28950000,Дорогомилово,Кутузовский проспект,30,Кутузовская,308837547
4,10,1,52.44,74990000,Якиманка,Ленинский проспект,2,Октябрьская,312871363
21,21,1,35.1,34900000,Басманный,площадь Курского Вокзала,1,Чкаловская,316201242
6,21,1,50.2,75000000,Пресненский,2-я Звенигородская ,14,Улица 1905 года,315131235
7,20,2,65.0,62000000,Пресненский,Мантулинская ,9к2,Москва-Сити,315200524
13,16,2,75.3,54000000,Беговой,Ленинградский проспект,вл8,Белорусская,296351713
31,36,2,72.0,55000000,Хорошево-Мневники,Шелепихинская набережная,34к3зд6,Шелепиха,317339732
4,8,2,77.0,79710800,Якиманка,Софийская набережная,34С5,Третьяковская,298881519
2,8,2,77.0,100000000,Якиманка,Софийская набережная,34,Третьяковская,298881521
9,37,2,45.0,24700000,Останкинский, Годовикова,11к2,Алексеевская,317138954
1,24,2,44.0,11900000,Чертаново Центральное,Кировоградская ,22к2,Пражская,316343295
6,12,2,46.0,14500000,Строгино,Неманский проезд,5К1,Мякинино,314153626
14,27,2,44.0,25300000,Алексеевский,Староалексеевская ,5А,Алексеевская,316873172
8,26,2,43.3,20500000,Головинский,Кронштадтский бульвар,6к2,Водный стадион,317063628
13,17,2,72.0,36990000,Богородское,1-я Мясниковская ,2,Белокаменная,316201070
6,8,2,61.1,25500000,Савеловский, Верхняя Масловка,20,Петровский Парк,309770871
5,13,2,62.4,34000000,Филевский парк, Василисы Кожиной,13,Парк Победы,315832202
19,20,2,41.0,29900000,Даниловский,Автозаводская ,26/1,Тульская,315039072
7,41,2,48.0,39500000,Раменки,1-й Сетуньский проезд,8,Кутузовская,316568101
20,25,2,61.3,24000000,Фили-Давыдково,Кастанаевская ,65,Кунцевская,315643090
3,5,2,44.3,49400000,Замоскворечье,Озерковская набережная,6,Новокузнецкая,307970936
4,12,2,38.4,9980000,Перово, Металлургов,38,Перово,315987738
7,9,2,60.0,19300000,Свиблово,проезд Серебрякова,3,Ботанический сад,316741191
5,5,2,43.7,12500000,Щукино,Живописная ,38К2,Щукинская,317518540
4,5,2,57.5,22000000,Хорошевский,Хорошевское шоссе,21А,Полежаевская,310065061
6,14,2,53.2,14490000,Митино,Митинская ,46К1,Митино,317461554
18,24,2,62.7,27000000,Филевский парк,Барклая ,6Ак1,Багратионовская,316361543
8,16,2,53.5,16590000,Хорошево-Мневники, Народного Ополчения,28К1,Народное Ополчение,314385616
11,21,2,53.0,22550000,Войковский,Выборгская ,9/1,Водный стадион,311961438
1,10,2,63.5,34000000,Хамовники,Оболенский переулок,7,Фрунзенская,312574499
4,13,2,95.0,161500000,Хамовники,Погодинская ,2,Киевская,316186342
6,12,2,41.7,11000000,Старое Крюково,Зеленоград,к832,Зеленоград — Крюково,316125699
9,19,2,57.0,31000000,Хорошево-Мневники,Карамышевская набережная,34,Народное Ополчение,315974003
18,79,2,71.8,49700000,Пресненский,1-й Красногвардейский проезд,22с2,Москва-Сити,314417502
12,13,2,42.8,31490000,Беговой,Ленинградский проспект,29к4,Динамо,315039048
6,21,2,54.3,31900000,Беговой, 1-я Ямского Поля,28С3,Белорусская,313372838
5,14,2,43.1,27700000,Раменки,проспект Генерала Дорохова,39к1В,Поклонная,317501189
1,10,3,119.0,140000000,Дорогомилово, Братьев Фонченко,1к7,Парк Победы,316610259
8,14,3,68.9,53500000,Раменки,проспект Генерала Дорохова,39к2М,Минская,305280843
8,8,3,77.7,28300000,Останкинский,Звездный бульвар,2,ВДНХ,309071969
6,12,3,150.0,115000000,Замоскворечье,Климентовский переулок,2,Новокузнецкая,313016553
2,10,3,115.0,101000000,Тверской,Большая Грузинская ,69,Белорусская,306567075
22,32,3,84.0,70000000,Дорогомилово,Поклонная ,9,Поклонная,315645382
52,78,3,142.0,125000000,Пресненский,1-й Красногвардейский проезд,22с2,Москва-Сити,266958084
31,48,3,126.5,65490000,Щукино,Авиационная ,79К1,Щукинская,316346513
1,11,3,144.0,187000000,Дорогомилово, Братьев Фонченко,1к4,Парк Победы,316610258
6,12,3,146.0,115000000,Замоскворечье,Климентовский переулок,2,Новокузнецкая,307958924
1,5,3,55.6,12900000,Измайлово,Измайловский проезд,6К2,Измайловская,315139467
13,32,3,86.7,90000000,Дорогомилово,Поклонная ,9,Поклонная,310334461
5,10,3,131.0,131000000,Тверской,Большая Грузинская ,69,Белорусская,314928229
6,12,3,120.9,72200000,Мещанский,Протопоповский переулок,17С2,Проспект Мира,308136515
9,57,3,158.0,175363760,Хорошевский,Чапаевский переулок,3,Аэропорт,294650800
3,5,3,53.8,16000000,Останкинский,Звездный бульвар,20,ВДНХ,307816977
19,53,3,187.0,159421600,Раменки,Мосфильмовская ,8,Ломоносовский проспект,317505716
5,10,3,131.0,131000000,Тверской,Большая Грузинская ,69,Белорусская,315261338
1,9,3,57.5,18380000,Преображенское,Халтуринская ,13,Преображенская площадь,307964527
3,16,3,64.8,20200000,Отрадное,Северный бульвар,7,Отрадное,312089046
2,18,3,120.5,85000000,Тверской,Краснопролетарская ,7,Новослободская,304822277
31,40,3,88.0,82000000,Хорошево-Мневники, Саляма Адиля,2к1,Народное Ополчение,312626952
7,9,3,135.0,158000000,Замоскворечье, Бахрушина,13,Павелецкая,316371474
8,53,3,150.0,135000000,Раменки,Мосфильмовская ,8,Ломоносовский проспект,247174958
33,65,3,190.0,128732942,Пресненский,набережная Пресненская,8с1,Деловой центр,305062321
22,53,3,153.0,167970000,Раменки,Мосфильмовская ,8,Поклонная,306008768
14,33,3,91.0,25800000,Южное Бутово, Поляны,5Ак2,Улица Скобелевская,317504729
9,22,3,78.0,34800000,Хорошево-Мневники,бульвар Генерала Карбышева,18,Народное Ополчение,316661265
9,24,3,65.9,34500000,Москворечье-Сабурово,Каширский проезд,25к1,Варшавская,314501791
27,41,3,79.0,71000000,Раменки,Парклэйн тер.,к2,Кутузовская,312468301
23,23,3,81.0,17895000,Черемушки,Нахимовский проспект,31к3,Профсоюзная,315277786
11,41,3,115.0,115000000,Хорошевский,Ленинградский проспект,37/4,ЦСКА,314636162
12,18,3,105.0,43500000,Кунцево,Ельнинская ,11К3,Молодёжная,316207686
24,32,3,84.6,80990000,Дорогомилово,Поклонная ,9,Поклонная,315270194
26,36,3,123.0,113000000,Беговой,Ленинградский проспект,34А,Динамо,301968782
26,36,3,120.0,109900000,Раменки,Минская ,2,Минская,309750410
4,12,3,56.0,15500000,Бибирево, Лескова,21,Бибирево,316941067
4,14,3,119.3,105000000,Замоскворечье,Мытная ,7с1,Серпуховская,314971290
26,39,3,121.0,109900000,Раменки,Минская ,2,Минская,315274449
17,53,3,95.0,87000000,Раменки,Мосфильмовская ,8,Ломоносовский проспект,314443815
4,14,3,105.0,210000000,Хамовники, Усачева,15А,Спортивная,315236500
6,9,1,34.0,9380000,Северное Медведково,проезд Шокальского,45К2,Медведково,315614922
28,32,1,41.4,18400000,Богородское,Просторная ,7,Преображенская площадь,316777549
12,30,1,41.3,20800000,Южнопортовый,Волгоградский проспект,32/5к3,Угрешская,316866188
5,39,1,41.4,24850000,Ростокино, Вильгельма Пика,1,Ботанический сад,317065635
4,9,1,32.6,9850000,Отрадное,Северный бульвар,8,Отрадное,298373961
4,5,1,33.0,9700000,Перово,2-я Владимирская ,15К1,Перово,317063512
3,14,1,34.8,9500000,Вешняки,Реутовская ,2/1,Новогиреево,316188391
9,24,1,39.5,12800000,Кузьминки,Волгоградский проспект,86К1,Кузьминки,316296379
1,19,2,70.0,46900000,Хорошево-Мневники,Шелепихинская набережная,34к2,Шелепиха,312095964
5,6,2,50.0,66960000,Хамовники,Зубовская ,7,Парк Культуры,315815519
10,22,2,90.0,43900000,Раменки, Пырьева,9К1,Поклонная,315519326
6,9,2,45.0,9999999,Выхино-Жулебино,Волгоградский проспект,181к1,Юго-Восточная,312612845
4,18,2,62.57,12360000,Бирюлево Восточное,6-я Радиальная ,7/1к2,Царицыно,225134236
11,36,2,53.0,37900000,Хорошево-Мневники,Шелепихинская набережная,34к3зд6,Шелепиха,317331521
6,7,2,92.7,42500000,Алексеевский,проспект Мира,102к2,Алексеевская,314832827
8,8,2,42.7,29200000,Хамовники,2-я Фрунзенская ,7,Фрунзенская,317461027
4,9,2,41.0,16900000,Марьина роща, Сущевский Вал,23,Савёловская,316731104
4,8,2,69.8,52210574,Хамовники,Смоленский бульвар,22/14,Смоленская,302999320
7,8,2,60.0,20900000,Сокол, Панфилова,10,Панфиловская,313656228
6,8,2,78.0,25500000,Преображенское,Электрозаводская ,33С5,Преображенская площадь,306778585
6,12,2,45.0,17500000,Чертаново Центральное,Кировоградская ,16К1,Южная,315571125
8,17,2,57.7,22000000,Крылатское,Осенний бульвар,8К1,Крылатское,317035063
4,20,2,60.0,15100000,Бирюлево Восточное,6-я Радиальная ,7/1к2,Царицыно,315905779
5,14,2,56.0,14300000,Марьино, Перерва,34,Марьино,317421007
31,38,3,75.5,42000000,Строгино, Маршала Катукова,24к1,Строгино,316201248
8,12,3,63.0,14499999,Люблино,Тихорецкий бульвар,14К2,Люблино,317057891
14,20,3,132.5,110000000,Гагаринский, Косыгина,13к1,Воробьёвы горы,305062348
4,5,3,62.0,25990000,Сокол,Новопесчаная ,11/6,Сокол,314699443
4,23,3,100.0,62100000,Филевский парк,Кастанаевская ,24,Филёвский парк,312706709
2,5,3,70.1,21999999,Коптево,бульвар Матроса Железняка,10,Коптево,317508591
2,19,3,186.0,220000000,Раменки,Ломоносовский проспект,25к5,Университет,245277094
14,14,3,93.6,70200000,Даниловский, Архитектора Щусева,2к1,ЗИЛ,314194751
2,6,3,125.0,130000000,Замоскворечье,Большой Ордынский переулок,4С4,Третьяковская,312897522
27,41,3,79.0,71000000,Раменки,Парклэйн тер.,к2,Кутузовская,311733777
9,32,3,88.0,45400000,Хорошево-Мневники,Причальный проезд,10к2,Шелепиха,316584477
8,16,3,173.1,148000000,Арбат,1-й Смоленский переулок,17,Смоленская,316776707
7,9,3,160.8,247103480,Тверской,1-я Тверская-Ямская ,2А,Маяковская,316587126
12,12,3,62.7,12500000,Можайский, Говорова,15,Сетунь,316132826
2,13,3,120.0,160000000,Пресненский,2-я Черногрязская ,6к2,Улица 1905 года,303584027
12,16,3,64.4,18800000,Ивановское, Сталеваров,24,Новогиреево,314331919
15,21,3,85.0,120000000,Пресненский,Мантулинская ,9к5,Москва-Сити,317139302
19,23,3,146.9,95000000,Очаково-Матвеевское,Староволынская ,12к3,Матвеевская,315558354
4,12,3,66.2,16500000,Ярославский,Ярославское шоссе,8К2,Ботанический сад,316612249
14,17,3,74.5,17700000,Ново-Переделкино,Боровское шоссе,46,Новопеределкино,315529190
5,8,1,31.0,10997000,Свиблово, Седова,3,Ботанический сад,308708418
1,5,1,33.7,10900000,Преображенское,2-я Пугачевская ,10К2,Преображенская площадь,311376484
1,5,1,30.5,10990000,Измайлово,11-я Парковая ,39К1,Первомайская,315879326
1,10,1,33.0,12200000,Сокол,Малый Песчаный переулок,6,Сокол,314791001
2,9,1,29.8,10700000,Преображенское,Халтуринская ,17,Преображенская площадь,312464548
5,15,1,36.3,10500000,Молжаниновский,Ленинградское шоссе,228к4,Молжаниново,314529859
2,5,1,31.0,10500000,Перово, Плющева,16,Перово,315285325
1,5,2,58.8,24400000,Таганский,Таганская ,24С5,Марксистская,306015204
2,41,2,69.3,44700000,Хорошевский,Ленинградский проспект,37/5,Аэропорт,315696382
7,26,2,53.2,31884320,Очаково-Матвеевское,Нежинская ,3А,Матвеевская,312970614
5,6,2,100.0,75000000,Замоскворечье,Большая Пионерская ,20,Павелецкая,317204131
10,67,2,69.6,76000000,Пресненский,Краснопресненская набережная,14Ак1,Москва-Сити,314848971
22,78,2,169.5,136790000,Пресненский,1-й Красногвардейский проезд,22,Деловой центр,315742208
6,9,2,40.0,13200000,Гольяново,Байкальская ,15,Щёлковская,314512206
6,7,2,50.0,30300000,Дорогомилово,Кутузовский проспект,24,Москва-Сити,316881217
6,12,2,59.3,34000000,Лефортово,проезд Шелихова,3,Площадь Ильича,316256052
10,21,2,82.0,45000000,Останкинский, Академика Королева,10,Улица Академика Королёва,314383482
2,8,2,61.5,55300000,Таганский,Серебрянический переулок,8,Китай-город,314304114
6,6,2,100.0,75000000,Замоскворечье,Большая Пионерская ,20,Павелецкая,312575065
9,68,2,92.0,105000000,Пресненский,1-й Красногвардейский проезд,22с1,Москва-Сити,306652887
8,12,2,47.3,25800000,Тверской,Тихвинская ,9А,Менделеевская,317507438
4,8,2,77.0,53000000,Хамовники,Саввинская набережная,3,Киевская,317210032
14,24,2,46.0,31000000,Очаково-Матвеевское,Нежинская ,5к2,Матвеевская,299655879
3,11,2,78.0,35500000,Лефортово, Крузенштерна,6,Серп и Молот,309550008
